{"cameraMode":{"drawMode":0,"name":"Shaded","section":"Shading Mode"},"sceneLighting":true,"audioPlay":false,"sceneViewState":{"m_AlwaysRefresh":false,"showFog":true,"showSkybox":true,"showFlares":true,"showImageEffects":true,"showParticleSystems":true,"showVisualEffectGraphs":true,"m_FxEnabled":true},"in2DMode":false,"pivot":{"x":-42.98511505126953,"y":1.6410654783248902,"z":57.56163024902344},"rotation":{"x":-0.02578691951930523,"y":0.9713417887687683,"z":-0.12482717633247376,"w":-0.20064334571361543},"size":0.8660253882408142,"orthographic":false}