{"cameraMode":{"drawMode":0,"name":"Shaded","section":"Shading Mode"},"sceneLighting":true,"audioPlay":false,"sceneViewState":{"m_AlwaysRefresh":false,"showFog":true,"showSkybox":true,"showFlares":true,"showImageEffects":true,"showParticleSystems":true,"showVisualEffectGraphs":true,"m_FxEnabled":true},"in2DMode":false,"pivot":{"x":-24.808866500854493,"y":111.09404754638672,"z":-44.639583587646487},"rotation":{"x":-0.3764100968837738,"y":-0.07715214788913727,"z":0.03151920810341835,"w":-0.9227784276008606},"size":0.6441341638565064,"orthographic":false}