{"cameraMode":{"drawMode":0,"name":"Shaded","section":"Shading Mode"},"sceneLighting":true,"audioPlay":false,"sceneViewState":{"m_AlwaysRefresh":false,"showFog":true,"showSkybox":true,"showFlares":true,"showImageEffects":true,"showParticleSystems":true,"showVisualEffectGraphs":true,"m_FxEnabled":true},"in2DMode":false,"pivot":{"x":-41.763275146484378,"y":1.9127585887908936,"z":57.75538635253906},"rotation":{"x":0.20679856836795808,"y":-0.643872857093811,"z":0.18668390810489655,"w":0.7127286791801453},"size":0.2684250473976135,"orthographic":false}