{"cameraMode":{"drawMode":0,"name":"Shaded","section":"Shading Mode"},"sceneLighting":true,"audioPlay":false,"sceneViewState":{"m_AlwaysRefresh":false,"showFog":true,"showSkybox":true,"showFlares":true,"showImageEffects":true,"showParticleSystems":true,"showVisualEffectGraphs":true,"m_FxEnabled":true},"in2DMode":false,"pivot":{"x":-44.13028335571289,"y":2.545138120651245,"z":55.328922271728519},"rotation":{"x":0.06713709980249405,"y":-0.9160903096199036,"z":0.17296624183654786,"w":0.35558393597602847},"size":12.12435531616211,"orthographic":false}