{"cameraMode":{"drawMode":0,"name":"Shaded","section":"Shading Mode"},"sceneLighting":true,"audioPlay":false,"sceneViewState":{"m_AlwaysRefresh":false,"showFog":true,"showSkybox":true,"showFlares":true,"showImageEffects":true,"showParticleSystems":true,"showVisualEffectGraphs":true,"m_FxEnabled":true},"in2DMode":false,"pivot":{"x":-41.88692855834961,"y":0.3103678822517395,"z":43.37486267089844},"rotation":{"x":0.06060640886425972,"y":0.8541210889816284,"z":-0.10221710056066513,"w":0.5063768625259399},"size":0.9486815929412842,"orthographic":false}