{"cameraMode":{"drawMode":0,"name":"Shaded","section":"Shading Mode"},"sceneLighting":true,"audioPlay":false,"sceneViewState":{"m_AlwaysRefresh":false,"showFog":true,"showSkybox":true,"showFlares":true,"showImageEffects":true,"showParticleSystems":true,"showVisualEffectGraphs":true,"m_FxEnabled":true},"in2DMode":false,"pivot":{"x":-42.8398323059082,"y":0.03795856237411499,"z":56.88507080078125},"rotation":{"x":0.14775040745735169,"y":-0.5159335732460022,"z":0.09082416445016861,"w":0.8389104604721069},"size":0.8660253882408142,"orthographic":false}